<?xml version="1.0" encoding="UTF-8"?><gmd:MD_Metadata xmlns:xlink="http://www.w3.org/1999/xlink" xmlns:srv="http://www.isotc211.org/2005/srv" xmlns:gts="http://www.isotc211.org/2005/gts" xmlns:gmd="http://www.isotc211.org/2005/gmd" xmlns:gco="http://www.isotc211.org/2005/gco" xmlns:gml="http://www.opengis.net/gml" xmlns:xsi="http://www.w3.org/2001/XMLSchema-instance">
<gmd:fileIdentifier>
<gco:CharacterString>b9e94f19121d482d9b6d848f4357112a</gco:CharacterString>
</gmd:fileIdentifier>
<gmd:language>
<gmd:LanguageCode codeList="http://www.loc.gov/standards/iso639-2/php/code_list.php" codeListValue="eng" codeSpace="ISO639-2">eng</gmd:LanguageCode>
</gmd:language>
<gmd:characterSet>
<gmd:MD_CharacterSetCode codeList="http://www.isotc211.org/2005/resources/Codelist/gmxCodelists.xml#MD_CharacterSetCode" codeListValue="utf8" codeSpace="ISOTC211/19115">utf8</gmd:MD_CharacterSetCode>
</gmd:characterSet>
<gmd:hierarchyLevel>
<gmd:MD_ScopeCode codeList="http://www.isotc211.org/2005/resources/Codelist/gmxCodelists.xml#MD_ScopeCode" codeListValue="dataset" codeSpace="ISOTC211/19115">dataset</gmd:MD_ScopeCode>
</gmd:hierarchyLevel>
<gmd:contact>
<gmd:CI_ResponsibleParty>
<gmd:individualName>
<gco:CharacterString>Mapping Unit</gco:CharacterString>
</gmd:individualName>
<gmd:organisationName>
<gco:CharacterString>Vermont Agency of Transportation</gco:CharacterString>
</gmd:organisationName>
<gmd:contactInfo gco:nilReason="missing"/>
<gmd:role>
<gmd:CI_RoleCode codeList="http://www.isotc211.org/2005/resources/Codelist/gmxCodelists.xml#CI_RoleCode" codeListValue="pointOfContact" codeSpace="ISOTC211/19115">pointOfContact</gmd:CI_RoleCode>
</gmd:role>
</gmd:CI_ResponsibleParty>
</gmd:contact>
<dateStamp>
<gco:Date>2016-10-27</gco:Date>
</dateStamp>
<gmd:metadataStandardName>
<gco:CharacterString>NAP - Metadata</gco:CharacterString>
</gmd:metadataStandardName>
<gmd:metadataStandardVersion>
<gco:CharacterString>1.2</gco:CharacterString>
</gmd:metadataStandardVersion>
<gmd:referenceSystemInfo>
<gmd:MD_ReferenceSystem>
<gmd:referenceSystemIdentifier>
<gmd:RS_Identifier>
<gmd:code>
<gco:CharacterString>32145</gco:CharacterString>
</gmd:code>
<gmd:codeSpace>
<gco:CharacterString>EPSG</gco:CharacterString>
</gmd:codeSpace>
</gmd:RS_Identifier>
</gmd:referenceSystemIdentifier>
</gmd:MD_ReferenceSystem>
</gmd:referenceSystemInfo>
<gmd:identificationInfo>
<gmd:MD_DataIdentification>
<gmd:citation>
<gmd:CI_Citation>
<gmd:title>
<gco:CharacterString>VT Federal Aid Urban Boundaries</gco:CharacterString>
</gmd:title>
<gmd:date>
<gmd:CI_Date>
<date>
<gco:Date>2014-07-01</gco:Date>
</date>
<gmd:dateType>
<gmd:CI_DateTypeCode codeList="http://www.isotc211.org/2005/resources/Codelist/gmxCodelists.xml#CI_DateTypeCode" codeListValue="creation" codeSpace="ISOTC211/19115">creation</gmd:CI_DateTypeCode>
</gmd:dateType>
</gmd:CI_Date>
</gmd:date>
<gmd:date>
<gmd:CI_Date>
<date>
<gco:Date>2014-07-01</gco:Date>
</date>
<gmd:dateType>
<gmd:CI_DateTypeCode codeList="http://www.isotc211.org/2005/resources/Codelist/gmxCodelists.xml#CI_DateTypeCode" codeListValue="publication" codeSpace="ISOTC211/19115">publication</gmd:CI_DateTypeCode>
</gmd:dateType>
</gmd:CI_Date>
</gmd:date>
<gmd:citedResponsibleParty gco:nilReason="missing"/>
</gmd:CI_Citation>
</gmd:citation>
<gmd:abstract>
<gco:CharacterString>Federal Aid Urban boundaries are defined based on US Census data. The roadways within these boundaries have urban classifications.  These FAU boundaries were updated in 2014.Stewards: Information Technology, Data Owner: Mapping Unit</gco:CharacterString>
</gmd:abstract>
<gmd:status gco:nilReason="missing"/>
<gmd:descriptiveKeywords>
<gmd:MD_Keywords>
<gmd:keyword>
<gco:CharacterString>VTrans</gco:CharacterString>
</gmd:keyword>
<gmd:keyword>
<gco:CharacterString>Boundaries</gco:CharacterString>
</gmd:keyword>
<gmd:keyword>
<gco:CharacterString>FAU</gco:CharacterString>
</gmd:keyword>
<gmd:keyword>
<gco:CharacterString>2014</gco:CharacterString>
</gmd:keyword>
<gmd:keyword>
<gco:CharacterString>isothemeTrans</gco:CharacterString>
</gmd:keyword>
<gmd:keyword>
<gco:CharacterString>subthemeOther</gco:CharacterString>
</gmd:keyword>
<gmd:keyword>
<gco:CharacterString>nodeVTRANS</gco:CharacterString>
</gmd:keyword>
</gmd:MD_Keywords>
</gmd:descriptiveKeywords>
<gmd:descriptiveKeywords>
<gmd:MD_Keywords>
<gmd:keyword>
<gco:CharacterString>VTrans</gco:CharacterString>
</gmd:keyword>
<gmd:keyword>
<gco:CharacterString>Boundaries</gco:CharacterString>
</gmd:keyword>
<gmd:keyword>
<gco:CharacterString>FAU</gco:CharacterString>
</gmd:keyword>
<gmd:keyword>
<gco:CharacterString>2014</gco:CharacterString>
</gmd:keyword>
<gmd:keyword>
<gco:CharacterString>isothemeTrans</gco:CharacterString>
</gmd:keyword>
<gmd:keyword>
<gco:CharacterString>subthemeOther</gco:CharacterString>
</gmd:keyword>
<gmd:keyword>
<gco:CharacterString>nodeVTRANS</gco:CharacterString>
</gmd:keyword>
</gmd:MD_Keywords>
</gmd:descriptiveKeywords>
<gmd:descriptiveKeywords>
<gmd:MD_Keywords>
<gmd:keyword>
<gco:CharacterString>VTrans</gco:CharacterString>
</gmd:keyword>
<gmd:keyword>
<gco:CharacterString>Boundaries</gco:CharacterString>
</gmd:keyword>
<gmd:keyword>
<gco:CharacterString>FAU</gco:CharacterString>
</gmd:keyword>
<gmd:keyword>
<gco:CharacterString>2014</gco:CharacterString>
</gmd:keyword>
<gmd:keyword>
<gco:CharacterString>isothemeTrans</gco:CharacterString>
</gmd:keyword>
<gmd:keyword>
<gco:CharacterString>subthemeOther</gco:CharacterString>
</gmd:keyword>
<gmd:keyword>
<gco:CharacterString>nodeVTRANS</gco:CharacterString>
</gmd:keyword>
</gmd:MD_Keywords>
</gmd:descriptiveKeywords>
<gmd:descriptiveKeywords>
<gmd:MD_Keywords>
<gmd:keyword>
<gco:CharacterString>VTrans</gco:CharacterString>
</gmd:keyword>
<gmd:keyword>
<gco:CharacterString>Boundaries</gco:CharacterString>
</gmd:keyword>
<gmd:keyword>
<gco:CharacterString>FAU</gco:CharacterString>
</gmd:keyword>
<gmd:keyword>
<gco:CharacterString>2014</gco:CharacterString>
</gmd:keyword>
<gmd:keyword>
<gco:CharacterString>isothemeTrans</gco:CharacterString>
</gmd:keyword>
<gmd:keyword>
<gco:CharacterString>subthemeOther</gco:CharacterString>
</gmd:keyword>
<gmd:keyword>
<gco:CharacterString>nodeVTRANS</gco:CharacterString>
</gmd:keyword>
</gmd:MD_Keywords>
</gmd:descriptiveKeywords>
<gmd:descriptiveKeywords>
<gmd:MD_Keywords>
<gmd:keyword>
<gco:CharacterString>VTrans</gco:CharacterString>
</gmd:keyword>
<gmd:keyword>
<gco:CharacterString>Boundaries</gco:CharacterString>
</gmd:keyword>
<gmd:keyword>
<gco:CharacterString>FAU</gco:CharacterString>
</gmd:keyword>
<gmd:keyword>
<gco:CharacterString>2014</gco:CharacterString>
</gmd:keyword>
<gmd:keyword>
<gco:CharacterString>isothemeTrans</gco:CharacterString>
</gmd:keyword>
<gmd:keyword>
<gco:CharacterString>subthemeOther</gco:CharacterString>
</gmd:keyword>
<gmd:keyword>
<gco:CharacterString>nodeVTRANS</gco:CharacterString>
</gmd:keyword>
</gmd:MD_Keywords>
</gmd:descriptiveKeywords>
<gmd:descriptiveKeywords>
<gmd:MD_Keywords>
<gmd:keyword>
<gco:CharacterString>VTrans</gco:CharacterString>
</gmd:keyword>
<gmd:keyword>
<gco:CharacterString>Boundaries</gco:CharacterString>
</gmd:keyword>
<gmd:keyword>
<gco:CharacterString>FAU</gco:CharacterString>
</gmd:keyword>
<gmd:keyword>
<gco:CharacterString>2014</gco:CharacterString>
</gmd:keyword>
<gmd:keyword>
<gco:CharacterString>isothemeTrans</gco:CharacterString>
</gmd:keyword>
<gmd:keyword>
<gco:CharacterString>subthemeOther</gco:CharacterString>
</gmd:keyword>
<gmd:keyword>
<gco:CharacterString>nodeVTRANS</gco:CharacterString>
</gmd:keyword>
</gmd:MD_Keywords>
</gmd:descriptiveKeywords>
<gmd:descriptiveKeywords>
<gmd:MD_Keywords>
<gmd:keyword>
<gco:CharacterString>VTrans</gco:CharacterString>
</gmd:keyword>
<gmd:keyword>
<gco:CharacterString>Boundaries</gco:CharacterString>
</gmd:keyword>
<gmd:keyword>
<gco:CharacterString>FAU</gco:CharacterString>
</gmd:keyword>
<gmd:keyword>
<gco:CharacterString>2014</gco:CharacterString>
</gmd:keyword>
<gmd:keyword>
<gco:CharacterString>isothemeTrans</gco:CharacterString>
</gmd:keyword>
<gmd:keyword>
<gco:CharacterString>subthemeOther</gco:CharacterString>
</gmd:keyword>
<gmd:keyword>
<gco:CharacterString>nodeVTRANS</gco:CharacterString>
</gmd:keyword>
</gmd:MD_Keywords>
</gmd:descriptiveKeywords>
<gmd:resourceConstraints>
<gmd:MD_Constraints>
<gmd:useLimitation>
<gco:CharacterString>For reference use only. Data does not represent a legal description of VTrans' assets. Disclaimer: Users must assume responsibility in determining the usability of this data for their purposes. Digital maps retain the accuracy of their source materials. With respect to documents available from this server (map service), neither the State of Vermont nor any of it's employees make any warranty, express or implied, including the warranties of merchantability and fitness for a particular purpose, or assumes any legal liability or responsibility for the accuracy, completeness, or usefulness of any information, apparatus, product, or process disclosed, or represents that its use would not infringe privately owned rights. Users should use caution when overlaying other data sets and should not make legally binding decisions from this data. To avoid the risk of misinterpretation, invalid results, and erroneous conclusions, users must consider original map scale, collection methodology, currency of data, and any other conditions specific to every data element and each dataset as a whole. Potential users are advised to consult with VTrans to gain an understanding of the inherent limitations of this data set and its scope of inference. Also, the user must be aware that errors and conditions originating from physical sources involved in developing a dataset may be reflected in the data and that the digital processing performed during preparation, storage, and transmission of the dataset may have exacerbated such errors and/or introduced additional ones.</gco:CharacterString>
</gmd:useLimitation>
</gmd:MD_Constraints>
</gmd:resourceConstraints>
<gmd:language>
<gmd:LanguageCode codeList="http://www.loc.gov/standards/iso639-2/php/code_list.php" codeListValue="eng" codeSpace="ISO639-2">eng</gmd:LanguageCode>
</gmd:language>
<gmd:characterSet>
<gmd:MD_CharacterSetCode codeList="http://www.isotc211.org/2005/resources/Codelist/gmxCodelists.xml#MD_CharacterSetCode" codeListValue="utf8" codeSpace="ISOTC211/19115">utf8</gmd:MD_CharacterSetCode>
</gmd:characterSet>
<gmd:topicCategory>
<gmd:MD_TopicCategoryCode>boundaries</gmd:MD_TopicCategoryCode>
</gmd:topicCategory>
<gmd:topicCategory>
<gmd:MD_TopicCategoryCode>transportation</gmd:MD_TopicCategoryCode>
</gmd:topicCategory>
<gmd:extent>
<gmd:EX_Extent/>
</gmd:extent>
</gmd:MD_DataIdentification>
</gmd:identificationInfo>
<gmd:distributionInfo>
<gmd:MD_Distribution>
<gmd:distributionFormat gco:nilReason="missing"/>
<gmd:transferOptions>
<gmd:MD_DigitalTransferOptions>
<gmd:onLine>
<gmd:CI_OnlineResource>
<gmd:linkage>
<gmd:URL>http://vtransmap01.aot.state.vt.us/arcgis/rest/services/Master/General/FeatureServer/26</gmd:URL>
</gmd:linkage>
<gmd:protocol gco:nilReason="missing"/>
</gmd:CI_OnlineResource>
</gmd:onLine>
</gmd:MD_DigitalTransferOptions>
</gmd:transferOptions>
</gmd:MD_Distribution>
</gmd:distributionInfo>
</gmd:MD_Metadata>
